date,store,item,sales
2015-06-07,2,38,146
2015-06-08,2,38,94
2015-06-09,2,38,112
2015-06-10,2,38,118
2015-06-11,2,38,115
2015-06-12,2,38,134
2015-06-13,2,38,146
2015-06-14,2,38,137
2015-06-15,2,38,93
2015-06-16,2,38,126
2015-06-17,2,38,108
2015-06-18,2,38,110
2015-06-19,2,38,129
2015-06-20,2,38,133
2015-06-21,2,38,140
2015-06-22,2,38,96
2015-06-23,2,38,90
2015-06-24,2,38,102
2015-06-25,2,38,120
2015-06-26,2,38,134
2015-06-27,2,38,143
2015-06-28,2,38,130
2015-06-29,2,38,84
2015-06-30,2,38,115
2015-07-01,2,38,136
2015-07-02,2,38,140
2015-07-03,2,38,152
2015-07-04,2,38,138
2015-07-05,2,38,159
2015-07-06,2,38,96
2015-07-07,2,38,130
2015-07-08,2,38,115
2015-07-09,2,38,127
2015-07-10,2,38,144
2015-07-11,2,38,162
2015-07-12,2,38,161
2015-07-13,2,38,90
2015-07-14,2,38,106
2015-07-15,2,38,134
2015-07-16,2,38,126
2015-07-17,2,38,163
2015-07-18,2,38,149
2015-07-19,2,38,177
2015-07-20,2,38,92
2015-07-21,2,38,115
2015-07-22,2,38,126
2015-07-23,2,38,126
2015-07-24,2,38,142
2015-07-25,2,38,142
2015-07-26,2,38,151
2015-07-27,2,38,102
2015-07-28,2,38,121
2015-07-29,2,38,117
2015-07-30,2,38,129
2015-07-31,2,38,132
2015-08-01,2,38,128
2015-08-02,2,38,151
2015-08-03,2,38,105
2015-08-04,2,38,105
2015-08-05,2,38,102
2015-08-06,2,38,125
2015-08-07,2,38,121
2015-08-08,2,38,136
2015-08-09,2,38,143
2015-08-10,2,38,76
2015-08-11,2,38,112
2015-08-12,2,38,102
2015-08-13,2,38,102
2015-08-14,2,38,119
2015-08-15,2,38,139
2015-08-16,2,38,162
2015-08-17,2,38,107
2015-08-18,2,38,121
2015-08-19,2,38,110
2015-08-20,2,38,119
2015-08-21,2,38,146
2015-08-22,2,38,112
2015-08-23,2,38,141
2015-08-24,2,38,87
2015-08-25,2,38,88
2015-08-26,2,38,115
2015-08-27,2,38,118
2015-08-28,2,38,136
2015-08-29,2,38,145
2015-08-30,2,38,165
2015-08-31,2,38,107
2015-09-01,2,38,92
2015-09-02,2,38,89
2015-09-03,2,38,95
2015-09-04,2,38,108
2015-09-05,2,38,133
2015-09-06,2,38,138
2015-09-07,2,38,90
2015-09-08,2,38,121
2015-09-09,2,38,111
2015-09-10,2,38,117
2015-09-11,2,38,115
2015-09-12,2,38,118
2015-09-13,2,38,131
2015-09-14,2,38,90
2015-09-15,2,38,123
2015-09-16,2,38,96
2015-09-17,2,38,113
2015-09-18,2,38,105
2015-09-19,2,38,127
2015-09-20,2,38,135
2015-09-21,2,38,92
2015-09-22,2,38,105
2015-09-23,2,38,76
2015-09-24,2,38,111
2015-09-25,2,38,114
2015-09-26,2,38,126
2015-09-27,2,38,122
2015-09-28,2,38,89
2015-09-29,2,38,103
2015-09-30,2,38,106
2015-10-01,2,38,101
2015-10-02,2,38,107
2015-10-03,2,38,128
2015-10-04,2,38,121
2015-10-05,2,38,78
2015-10-06,2,38,88
2015-10-07,2,38,88
2015-10-08,2,38,119
2015-10-09,2,38,117
2015-10-10,2,38,105
2015-10-11,2,38,129
2015-10-12,2,38,82
2015-10-13,2,38,97
2015-10-14,2,38,72
2015-10-15,2,38,88
2015-10-16,2,38,117
2015-10-17,2,38,119
2015-10-18,2,38,123
2015-10-19,2,38,82
2015-10-20,2,38,104
2015-10-21,2,38,111
2015-10-22,2,38,99
2015-10-23,2,38,93
2015-10-24,2,38,119
2015-10-25,2,38,120
2015-10-26,2,38,71
2015-10-27,2,38,96
2015-10-28,2,38,98
2015-10-29,2,38,111
2015-10-30,2,38,101
2015-10-31,2,38,122
2015-11-01,2,38,121
2015-11-02,2,38,77
2015-11-03,2,38,107
2015-11-04,2,38,85
2015-11-05,2,38,118
2015-11-06,2,38,120
2015-11-07,2,38,120
2015-11-08,2,38,120
2015-11-09,2,38,95
2015-11-10,2,38,89
2015-11-11,2,38,110
2015-11-12,2,38,128
2015-11-13,2,38,116
2015-11-14,2,38,119
2015-11-15,2,38,115
2015-11-16,2,38,95
2015-11-17,2,38,113
2015-11-18,2,38,104
2015-11-19,2,38,105
2015-11-20,2,38,107
2015-11-21,2,38,128
2015-11-22,2,38,147
2015-11-23,2,38,77
2015-11-24,2,38,100
2015-11-25,2,38,100
2015-11-26,2,38,111
2015-11-27,2,38,105
2015-11-28,2,38,125
2015-11-29,2,38,131
2015-11-30,2,38,85
2015-12-01,2,38,51
2015-12-02,2,38,74
2015-12-03,2,38,80
2015-12-04,2,38,92
2015-12-05,2,38,86
2015-12-06,2,38,100
2015-12-07,2,38,60
2015-12-08,2,38,66
2015-12-09,2,38,66
2015-12-10,2,38,85
2015-12-11,2,38,78
2015-12-12,2,38,102
2015-12-13,2,38,97
2015-12-14,2,38,63
2015-12-15,2,38,65
2015-12-16,2,38,92
2015-12-17,2,38,87
2015-12-18,2,38,79
2015-12-19,2,38,86
2015-12-20,2,38,106
2015-12-21,2,38,58
2015-12-22,2,38,72
2015-12-23,2,38,69
2015-12-24,2,38,71
2015-12-25,2,38,74
2015-12-26,2,38,89
2015-12-27,2,38,81
2015-12-28,2,38,62
2015-12-29,2,38,83
2015-12-30,2,38,79
2015-12-31,2,38,75
2016-01-01,2,38,83
2016-01-02,2,38,80
2016-01-03,2,38,90
2016-01-04,2,38,61
2016-01-05,2,38,73
2016-01-06,2,38,62
2016-01-07,2,38,68
2016-01-08,2,38,77
2016-01-09,2,38,90
2016-01-10,2,38,94
2016-01-11,2,38,56
2016-01-12,2,38,79
2016-01-13,2,38,74
2016-01-14,2,38,82
2016-01-15,2,38,78
2016-01-16,2,38,89
2016-01-17,2,38,85
2016-01-18,2,38,66
2016-01-19,2,38,71
2016-01-20,2,38,64
2016-01-21,2,38,80
2016-01-22,2,38,76
2016-01-23,2,38,93
2016-01-24,2,38,98
2016-01-25,2,38,50
2016-01-26,2,38,69
2016-01-27,2,38,78
2016-01-28,2,38,82
2016-01-29,2,38,60
2016-01-30,2,38,75
2016-01-31,2,38,103
2016-02-01,2,38,61
2016-02-02,2,38,87
2016-02-03,2,38,85
2016-02-04,2,38,77
2016-02-05,2,38,77
2016-02-06,2,38,99
2016-02-07,2,38,82
2016-02-08,2,38,47
2016-02-09,2,38,77
2016-02-10,2,38,73
2016-02-11,2,38,88
2016-02-12,2,38,95
2016-02-13,2,38,91
2016-02-14,2,38,86
2016-02-15,2,38,62
2016-02-16,2,38,81
2016-02-17,2,38,91
2016-02-18,2,38,83
2016-02-19,2,38,102
2016-02-20,2,38,76
2016-02-21,2,38,110
2016-02-22,2,38,71
2016-02-23,2,38,74
2016-02-24,2,38,98
2016-02-25,2,38,87
2016-02-26,2,38,82
2016-02-27,2,38,78
2016-02-28,2,38,88
2016-02-29,2,38,77
2016-03-01,2,38,98
2016-03-02,2,38,89
2016-03-03,2,38,105
2016-03-04,2,38,107
2016-03-05,2,38,123
2016-03-06,2,38,119
2016-03-07,2,38,91
2016-03-08,2,38,90
2016-03-09,2,38,100
2016-03-10,2,38,98
2016-03-11,2,38,79
2016-03-12,2,38,108
2016-03-13,2,38,124
2016-03-14,2,38,90
2016-03-15,2,38,92
2016-03-16,2,38,84
2016-03-17,2,38,107
2016-03-18,2,38,124
2016-03-19,2,38,128
2016-03-20,2,38,130
2016-03-21,2,38,83
2016-03-22,2,38,103
2016-03-23,2,38,71
2016-03-24,2,38,106
2016-03-25,2,38,86
2016-03-26,2,38,115
2016-03-27,2,38,120
2016-03-28,2,38,84
2016-03-29,2,38,89
2016-03-30,2,38,90
2016-03-31,2,38,83
2016-04-01,2,38,134
2016-04-02,2,38,113
2016-04-03,2,38,134
2016-04-04,2,38,89
2016-04-05,2,38,114
2016-04-06,2,38,122
2016-04-07,2,38,125
2016-04-08,2,38,137
2016-04-09,2,38,123
2016-04-10,2,38,122
2016-04-11,2,38,91
2016-04-12,2,38,108
2016-04-13,2,38,99
2016-04-14,2,38,112
2016-04-15,2,38,121
2016-04-16,2,38,132
2016-04-17,2,38,140
2016-04-18,2,38,103
2016-04-19,2,38,107
2016-04-20,2,38,107
2016-04-21,2,38,111
2016-04-22,2,38,127
2016-04-23,2,38,139
2016-04-24,2,38,141
2016-04-25,2,38,94
2016-04-26,2,38,100
2016-04-27,2,38,120
2016-04-28,2,38,132
2016-04-29,2,38,140
2016-04-30,2,38,128
2016-05-01,2,38,143
2016-05-02,2,38,94
2016-05-03,2,38,125
2016-05-04,2,38,122
2016-05-05,2,38,117
2016-05-06,2,38,129
2016-05-07,2,38,122
2016-05-08,2,38,119
2016-05-09,2,38,115
2016-05-10,2,38,108
2016-05-11,2,38,119
2016-05-12,2,38,121
2016-05-13,2,38,138
2016-05-14,2,38,127
2016-05-15,2,38,168
2016-05-16,2,38,109
2016-05-17,2,38,130
2016-05-18,2,38,115
2016-05-19,2,38,143
2016-05-20,2,38,148
2016-05-21,2,38,120
2016-05-22,2,38,147
2016-05-23,2,38,97
2016-05-24,2,38,114
2016-05-25,2,38,129
2016-05-26,2,38,109
2016-05-27,2,38,134
2016-05-28,2,38,145
2016-05-29,2,38,166
2016-05-30,2,38,104
2016-05-31,2,38,127
2016-06-01,2,38,120
2016-06-02,2,38,141
2016-06-03,2,38,137
2016-06-04,2,38,149
2016-06-05,2,38,159
2016-06-06,2,38,103
2016-06-07,2,38,132
2016-06-08,2,38,107
2016-06-09,2,38,151
2016-06-10,2,38,129
2016-06-11,2,38,161
2016-06-12,2,38,154
2016-06-13,2,38,118
2016-06-14,2,38,98
2016-06-15,2,38,137
2016-06-16,2,38,128
2016-06-17,2,38,162
2016-06-18,2,38,155
2016-06-19,2,38,168
2016-06-20,2,38,107
2016-06-21,2,38,120
2016-06-22,2,38,120
2016-06-23,2,38,142
2016-06-24,2,38,143
2016-06-25,2,38,147
2016-06-26,2,38,172
2016-06-27,2,38,97
2016-06-28,2,38,108
2016-06-29,2,38,115
2016-06-30,2,38,148
2016-07-01,2,38,156
2016-07-02,2,38,161
2016-07-03,2,38,164
2016-07-04,2,38,120
2016-07-05,2,38,136
2016-07-06,2,38,124
2016-07-07,2,38,144
2016-07-08,2,38,141
2016-07-09,2,38,172
2016-07-10,2,38,164
2016-07-11,2,38,118
2016-07-12,2,38,123
2016-07-13,2,38,121
2016-07-14,2,38,156
2016-07-15,2,38,140
2016-07-16,2,38,155
2016-07-17,2,38,178
2016-07-18,2,38,111
2016-07-19,2,38,106
2016-07-20,2,38,124
2016-07-21,2,38,143
2016-07-22,2,38,178
2016-07-23,2,38,159
2016-07-24,2,38,150
2016-07-25,2,38,120
2016-07-26,2,38,142
2016-07-27,2,38,127
2016-07-28,2,38,143
2016-07-29,2,38,137
2016-07-30,2,38,184
2016-07-31,2,38,181
2016-08-01,2,38,92
2016-08-02,2,38,132
2016-08-03,2,38,128
2016-08-04,2,38,128
2016-08-05,2,38,140
2016-08-06,2,38,136
2016-08-07,2,38,145
2016-08-08,2,38,95
2016-08-09,2,38,118
2016-08-10,2,38,115
2016-08-11,2,38,122
2016-08-12,2,38,131
2016-08-13,2,38,172
2016-08-14,2,38,150
2016-08-15,2,38,94
2016-08-16,2,38,116
2016-08-17,2,38,106
2016-08-18,2,38,145
2016-08-19,2,38,157
2016-08-20,2,38,136
2016-08-21,2,38,146
2016-08-22,2,38,102
2016-08-23,2,38,113
2016-08-24,2,38,130
2016-08-25,2,38,130
2016-08-26,2,38,146
2016-08-27,2,38,140
2016-08-28,2,38,152
2016-08-29,2,38,100
2016-08-30,2,38,102
2016-08-31,2,38,115
2016-09-01,2,38,112
2016-09-02,2,38,121
2016-09-03,2,38,133
2016-09-04,2,38,126
2016-09-05,2,38,88
2016-09-06,2,38,103
2016-09-07,2,38,107
2016-09-08,2,38,106
2016-09-09,2,38,114
2016-09-10,2,38,130
2016-09-11,2,38,121
2016-09-12,2,38,103
2016-09-13,2,38,114
2016-09-14,2,38,96
2016-09-15,2,38,110
2016-09-16,2,38,136
2016-09-17,2,38,123
2016-09-18,2,38,140
2016-09-19,2,38,96
2016-09-20,2,38,117
2016-09-21,2,38,98
2016-09-22,2,38,109
2016-09-23,2,38,111
2016-09-24,2,38,137
2016-09-25,2,38,139
2016-09-26,2,38,91
2016-09-27,2,38,104
2016-09-28,2,38,112
2016-09-29,2,38,96
2016-09-30,2,38,136
2016-10-01,2,38,114
2016-10-02,2,38,148
2016-10-03,2,38,75
2016-10-04,2,38,94
2016-10-05,2,38,104
2016-10-06,2,38,113
2016-10-07,2,38,104
2016-10-08,2,38,137
2016-10-09,2,38,131
2016-10-10,2,38,97
2016-10-11,2,38,127
2016-10-12,2,38,94
2016-10-13,2,38,118
2016-10-14,2,38,110
2016-10-15,2,38,112
2016-10-16,2,38,130
2016-10-17,2,38,63
2016-10-18,2,38,96
2016-10-19,2,38,99
2016-10-20,2,38,117
2016-10-21,2,38,117
2016-10-22,2,38,126
2016-10-23,2,38,119
2016-10-24,2,38,87
2016-10-25,2,38,99
2016-10-26,2,38,106
2016-10-27,2,38,123
2016-10-28,2,38,123
2016-10-29,2,38,113
2016-10-30,2,38,133
2016-10-31,2,38,85
2016-11-01,2,38,124
2016-11-02,2,38,134
2016-11-03,2,38,110
2016-11-04,2,38,128
2016-11-05,2,38,134
2016-11-06,2,38,130
2016-11-07,2,38,103
2016-11-08,2,38,107
2016-11-09,2,38,112
2016-11-10,2,38,95
2016-11-11,2,38,131
2016-11-12,2,38,124
2016-11-13,2,38,138
2016-11-14,2,38,101
2016-11-15,2,38,96
2016-11-16,2,38,106
2016-11-17,2,38,120
2016-11-18,2,38,127
2016-11-19,2,38,129
2016-11-20,2,38,133
2016-11-21,2,38,92
2016-11-22,2,38,100
2016-11-23,2,38,99
2016-11-24,2,38,92
2016-11-25,2,38,128
2016-11-26,2,38,128
2016-11-27,2,38,139
2016-11-28,2,38,66
2016-11-29,2,38,92
2016-11-30,2,38,126
2016-12-01,2,38,90
2016-12-02,2,38,89
2016-12-03,2,38,110
2016-12-04,2,38,110
2016-12-05,2,38,63
2016-12-06,2,38,67
2016-12-07,2,38,89
2016-12-08,2,38,90
2016-12-09,2,38,81
2016-12-10,2,38,107
2016-12-11,2,38,106
2016-12-12,2,38,64
2016-12-13,2,38,67
2016-12-14,2,38,62
2016-12-15,2,38,81
2016-12-16,2,38,86
2016-12-17,2,38,86
2016-12-18,2,38,106
2016-12-19,2,38,73
2016-12-20,2,38,65
2016-12-21,2,38,67
2016-12-22,2,38,73
2016-12-23,2,38,78
2016-12-24,2,38,83
2016-12-25,2,38,114
2016-12-26,2,38,56
2016-12-27,2,38,78
2016-12-28,2,38,80
2016-12-29,2,38,93
2016-12-30,2,38,84
2016-12-31,2,38,96
2017-01-01,2,38,89
2017-01-02,2,38,56
2017-01-03,2,38,70
2017-01-04,2,38,68
2017-01-05,2,38,90
2017-01-06,2,38,86
2017-01-07,2,38,102
2017-01-08,2,38,86
2017-01-09,2,38,58
2017-01-10,2,38,79
2017-01-11,2,38,68
2017-01-12,2,38,65
2017-01-13,2,38,82
2017-01-14,2,38,90
2017-01-15,2,38,105
2017-01-16,2,38,58
2017-01-17,2,38,66
2017-01-18,2,38,69
2017-01-19,2,38,75
2017-01-20,2,38,77
2017-01-21,2,38,78
2017-01-22,2,38,91
2017-01-23,2,38,54
2017-01-24,2,38,61
2017-01-25,2,38,70
2017-01-26,2,38,76
2017-01-27,2,38,75
2017-01-28,2,38,84
2017-01-29,2,38,73
2017-01-30,2,38,68
2017-01-31,2,38,68
2017-02-01,2,38,80
2017-02-02,2,38,92
2017-02-03,2,38,103
2017-02-04,2,38,100
2017-02-05,2,38,103
2017-02-06,2,38,78
2017-02-07,2,38,68
2017-02-08,2,38,81
2017-02-09,2,38,71
2017-02-10,2,38,73
2017-02-11,2,38,104
2017-02-12,2,38,125
2017-02-13,2,38,79
2017-02-14,2,38,80
2017-02-15,2,38,71
2017-02-16,2,38,78
2017-02-17,2,38,86
2017-02-18,2,38,110
2017-02-19,2,38,98
2017-02-20,2,38,61
2017-02-21,2,38,83
2017-02-22,2,38,73
2017-02-23,2,38,111
2017-02-24,2,38,97
2017-02-25,2,38,107
2017-02-26,2,38,84
2017-02-27,2,38,77
2017-02-28,2,38,81
2017-03-01,2,38,83
2017-03-02,2,38,106
2017-03-03,2,38,116
2017-03-04,2,38,122
2017-03-05,2,38,139
2017-03-06,2,38,90
2017-03-07,2,38,94
2017-03-08,2,38,100
2017-03-09,2,38,110
2017-03-10,2,38,112
2017-03-11,2,38,100
2017-03-12,2,38,115
2017-03-13,2,38,80
2017-03-14,2,38,111
2017-03-15,2,38,95
2017-03-16,2,38,117
2017-03-17,2,38,139
2017-03-18,2,38,116
2017-03-19,2,38,130
2017-03-20,2,38,84
2017-03-21,2,38,110
2017-03-22,2,38,111
2017-03-23,2,38,116
2017-03-24,2,38,108
2017-03-25,2,38,120
2017-03-26,2,38,129
2017-03-27,2,38,87
2017-03-28,2,38,107
2017-03-29,2,38,94
2017-03-30,2,38,96
2017-03-31,2,38,100
2017-04-01,2,38,136
2017-04-02,2,38,137
2017-04-03,2,38,79
2017-04-04,2,38,130
2017-04-05,2,38,107
2017-04-06,2,38,112
2017-04-07,2,38,121
2017-04-08,2,38,133
2017-04-09,2,38,136
2017-04-10,2,38,105
2017-04-11,2,38,116
2017-04-12,2,38,124
2017-04-13,2,38,128
2017-04-14,2,38,122
2017-04-15,2,38,154
2017-04-16,2,38,111
2017-04-17,2,38,80
2017-04-18,2,38,112
2017-04-19,2,38,124
2017-04-20,2,38,132
2017-04-21,2,38,137
2017-04-22,2,38,145
2017-04-23,2,38,140
2017-04-24,2,38,99
2017-04-25,2,38,130
2017-04-26,2,38,127
2017-04-27,2,38,104
2017-04-28,2,38,117
2017-04-29,2,38,127
2017-04-30,2,38,173
2017-05-01,2,38,91
2017-05-02,2,38,141
2017-05-03,2,38,116
2017-05-04,2,38,137
2017-05-05,2,38,143
2017-05-06,2,38,165
2017-05-07,2,38,140
2017-05-08,2,38,111
2017-05-09,2,38,134
2017-05-10,2,38,134
2017-05-11,2,38,145
2017-05-12,2,38,122
2017-05-13,2,38,141
2017-05-14,2,38,169
2017-05-15,2,38,117
2017-05-16,2,38,122
2017-05-17,2,38,124
2017-05-18,2,38,132
2017-05-19,2,38,140
2017-05-20,2,38,154
2017-05-21,2,38,151
2017-05-22,2,38,99
2017-05-23,2,38,123
2017-05-24,2,38,98
2017-05-25,2,38,140
2017-05-26,2,38,130
2017-05-27,2,38,164
2017-05-28,2,38,150
2017-05-29,2,38,114
2017-05-30,2,38,87
2017-05-31,2,38,128
2017-06-01,2,38,136
2017-06-02,2,38,146
2017-06-03,2,38,164
2017-06-04,2,38,153
2017-06-05,2,38,116
2017-06-06,2,38,117
2017-06-07,2,38,124
2017-06-08,2,38,148
2017-06-09,2,38,131
2017-06-10,2,38,157
2017-06-11,2,38,163
2017-06-12,2,38,106
2017-06-13,2,38,116
2017-06-14,2,38,131
2017-06-15,2,38,149
2017-06-16,2,38,165
2017-06-17,2,38,142
2017-06-18,2,38,183
2017-06-19,2,38,105
2017-06-20,2,38,124
2017-06-21,2,38,140
2017-06-22,2,38,143
2017-06-23,2,38,166
2017-06-24,2,38,152
2017-06-25,2,38,161
2017-06-26,2,38,115
2017-06-27,2,38,114
2017-06-28,2,38,113
2017-06-29,2,38,145
2017-06-30,2,38,151
2017-07-01,2,38,169
2017-07-02,2,38,159
2017-07-03,2,38,115
2017-07-04,2,38,111
2017-07-05,2,38,147
2017-07-06,2,38,140
2017-07-07,2,38,155
2017-07-08,2,38,166
2017-07-09,2,38,180
2017-07-10,2,38,111
2017-07-11,2,38,136
2017-07-12,2,38,138
2017-07-13,2,38,150
2017-07-14,2,38,156
2017-07-15,2,38,175
2017-07-16,2,38,183
2017-07-17,2,38,111
2017-07-18,2,38,144
2017-07-19,2,38,141
2017-07-20,2,38,137
2017-07-21,2,38,151
2017-07-22,2,38,183
2017-07-23,2,38,176
2017-07-24,2,38,121
2017-07-25,2,38,139
2017-07-26,2,38,119
2017-07-27,2,38,151
2017-07-28,2,38,149
2017-07-29,2,38,159
2017-07-30,2,38,188
2017-07-31,2,38,96
2017-08-01,2,38,114
2017-08-02,2,38,116
2017-08-03,2,38,117
2017-08-04,2,38,122
2017-08-05,2,38,158
2017-08-06,2,38,158
2017-08-07,2,38,94
2017-08-08,2,38,111
2017-08-09,2,38,125
2017-08-10,2,38,105
2017-08-11,2,38,127
2017-08-12,2,38,138
2017-08-13,2,38,125
2017-08-14,2,38,119
2017-08-15,2,38,126
2017-08-16,2,38,120
2017-08-17,2,38,126
2017-08-18,2,38,138
2017-08-19,2,38,127
2017-08-20,2,38,158
2017-08-21,2,38,76
2017-08-22,2,38,139
2017-08-23,2,38,134
2017-08-24,2,38,138
2017-08-25,2,38,140
2017-08-26,2,38,134
2017-08-27,2,38,151
2017-08-28,2,38,126
2017-08-29,2,38,131
2017-08-30,2,38,104
2017-08-31,2,38,118
2017-09-01,2,38,112
2017-09-02,2,38,140
2017-09-03,2,38,149
2017-09-04,2,38,125
2017-09-05,2,38,116
2017-09-06,2,38,97
2017-09-07,2,38,111
2017-09-08,2,38,147
2017-09-09,2,38,131
2017-09-10,2,38,148
2017-09-11,2,38,98
2017-09-12,2,38,115
2017-09-13,2,38,131
2017-09-14,2,38,106
2017-09-15,2,38,133
2017-09-16,2,38,173
2017-09-17,2,38,152
2017-09-18,2,38,96
2017-09-19,2,38,114
2017-09-20,2,38,112
2017-09-21,2,38,149
2017-09-22,2,38,120
2017-09-23,2,38,142
2017-09-24,2,38,150
2017-09-25,2,38,111
2017-09-26,2,38,113
2017-09-27,2,38,121
2017-09-28,2,38,136
2017-09-29,2,38,126
2017-09-30,2,38,139
2017-10-01,2,38,141
2017-10-02,2,38,95
2017-10-03,2,38,126
2017-10-04,2,38,118
2017-10-05,2,38,119
2017-10-06,2,38,141
2017-10-07,2,38,142
2017-10-08,2,38,151
2017-10-09,2,38,85
2017-10-10,2,38,94
2017-10-11,2,38,116
2017-10-12,2,38,122
2017-10-13,2,38,123
2017-10-14,2,38,136
2017-10-15,2,38,144
2017-10-16,2,38,112
2017-10-17,2,38,108
2017-10-18,2,38,102
2017-10-19,2,38,133
2017-10-20,2,38,126
2017-10-21,2,38,134
2017-10-22,2,38,132
2017-10-23,2,38,78
2017-10-24,2,38,112
2017-10-25,2,38,109
2017-10-26,2,38,107
2017-10-27,2,38,121
2017-10-28,2,38,136
2017-10-29,2,38,113
2017-10-30,2,38,107
2017-10-31,2,38,111
2017-11-01,2,38,106
2017-11-02,2,38,130
2017-11-03,2,38,133
2017-11-04,2,38,122
2017-11-05,2,38,131
2017-11-06,2,38,97
2017-11-07,2,38,120
2017-11-08,2,38,114
2017-11-09,2,38,117
2017-11-10,2,38,144
2017-11-11,2,38,121
2017-11-12,2,38,150
2017-11-13,2,38,98
2017-11-14,2,38,138
2017-11-15,2,38,91
2017-11-16,2,38,120
2017-11-17,2,38,122
2017-11-18,2,38,147
2017-11-19,2,38,153
2017-11-20,2,38,88
2017-11-21,2,38,114
2017-11-22,2,38,104
2017-11-23,2,38,130
2017-11-24,2,38,130
2017-11-25,2,38,141
2017-11-26,2,38,146
2017-11-27,2,38,100
2017-11-28,2,38,124
2017-11-29,2,38,119
2017-11-30,2,38,108
2017-12-01,2,38,94
2017-12-02,2,38,97
2017-12-03,2,38,120
2017-12-04,2,38,62
2017-12-05,2,38,79
2017-12-06,2,38,82
2017-12-07,2,38,106
2017-12-08,2,38,86
2017-12-09,2,38,86
2017-12-10,2,38,99
2017-12-11,2,38,73
2017-12-12,2,38,87
2017-12-13,2,38,72
2017-12-14,2,38,76
2017-12-15,2,38,109
2017-12-16,2,38,89
2017-12-17,2,38,86
2017-12-18,2,38,87
2017-12-19,2,38,83
2017-12-20,2,38,83
2017-12-21,2,38,91
2017-12-22,2,38,76
2017-12-23,2,38,107
2017-12-24,2,38,116
2017-12-25,2,38,64
2017-12-26,2,38,73
2017-12-27,2,38,82
2017-12-28,2,38,96
2017-12-29,2,38,110
2017-12-30,2,38,95
2017-12-31,2,38,120
2013-01-01,3,38,42
2013-01-02,3,38,58
2013-01-03,3,38,37
2013-01-04,3,38,69
2013-01-05,3,38,54
2013-01-06,3,38,65
2013-01-07,3,38,38
2013-01-08,3,38,53
2013-01-09,3,38,49
2013-01-10,3,38,59
2013-01-11,3,38,49
2013-01-12,3,38,62
2013-01-13,3,38,58
2013-01-14,3,38,36
2013-01-15,3,38,55
2013-01-16,3,38,50
2013-01-17,3,38,49
2013-01-18,3,38,66
2013-01-19,3,38,49
2013-01-20,3,38,64
2013-01-21,3,38,40
2013-01-22,3,38,54
2013-01-23,3,38,49
2013-01-24,3,38,64
2013-01-25,3,38,64
2013-01-26,3,38,66
2013-01-27,3,38,56
2013-01-28,3,38,42
2013-01-29,3,38,57
2013-01-30,3,38,34
2013-01-31,3,38,63
2013-02-01,3,38,69
2013-02-02,3,38,56
2013-02-03,3,38,66
2013-02-04,3,38,39
2013-02-05,3,38,62
2013-02-06,3,38,52
2013-02-07,3,38,59
2013-02-08,3,38,64
2013-02-09,3,38,52
2013-02-10,3,38,64
2013-02-11,3,38,46
2013-02-12,3,38,50
2013-02-13,3,38,55
2013-02-14,3,38,80
2013-02-15,3,38,60
2013-02-16,3,38,44
2013-02-17,3,38,63
2013-02-18,3,38,43
2013-02-19,3,38,45
2013-02-20,3,38,60
2013-02-21,3,38,56
2013-02-22,3,38,64
2013-02-23,3,38,41
2013-02-24,3,38,66
2013-02-25,3,38,42
2013-02-26,3,38,64
2013-02-27,3,38,58
2013-02-28,3,38,62
2013-03-01,3,38,67
2013-03-02,3,38,76
2013-03-03,3,38,94
2013-03-04,3,38,51
2013-03-05,3,38,64
2013-03-06,3,38,69
2013-03-07,3,38,60
2013-03-08,3,38,63
2013-03-09,3,38,71
2013-03-10,3,38,80
2013-03-11,3,38,56
2013-03-12,3,38,65
2013-03-13,3,38,71
2013-03-14,3,38,77
2013-03-15,3,38,74
2013-03-16,3,38,67
2013-03-17,3,38,98
2013-03-18,3,38,47
2013-03-19,3,38,63
2013-03-20,3,38,53
2013-03-21,3,38,62
2013-03-22,3,38,61
2013-03-23,3,38,61
2013-03-24,3,38,98
2013-03-25,3,38,56
2013-03-26,3,38,72
2013-03-27,3,38,78
2013-03-28,3,38,70
2013-03-29,3,38,71
2013-03-30,3,38,62
2013-03-31,3,38,69
2013-04-01,3,38,78
2013-04-02,3,38,74
2013-04-03,3,38,76
2013-04-04,3,38,65
2013-04-05,3,38,98
2013-04-06,3,38,90
2013-04-07,3,38,80
2013-04-08,3,38,56
2013-04-09,3,38,60
2013-04-10,3,38,110
2013-04-11,3,38,77
2013-04-12,3,38,80
2013-04-13,3,38,98
2013-04-14,3,38,96
2013-04-15,3,38,57
2013-04-16,3,38,68
2013-04-17,3,38,82
2013-04-18,3,38,81
2013-04-19,3,38,90
2013-04-20,3,38,74
2013-04-21,3,38,91
2013-04-22,3,38,71
2013-04-23,3,38,79
2013-04-24,3,38,64
2013-04-25,3,38,71
2013-04-26,3,38,96
2013-04-27,3,38,97
2013-04-28,3,38,74
2013-04-29,3,38,66
2013-04-30,3,38,70
2013-05-01,3,38,72
2013-05-02,3,38,86
2013-05-03,3,38,87
2013-05-04,3,38,114
2013-05-05,3,38,110
2013-05-06,3,38,72
2013-05-07,3,38,60
2013-05-08,3,38,84
2013-05-09,3,38,95
2013-05-10,3,38,86
2013-05-11,3,38,79
2013-05-12,3,38,105
2013-05-13,3,38,66
2013-05-14,3,38,61
2013-05-15,3,38,84
2013-05-16,3,38,91
2013-05-17,3,38,95
2013-05-18,3,38,80
2013-05-19,3,38,98
2013-05-20,3,38,59
2013-05-21,3,38,79
2013-05-22,3,38,86
2013-05-23,3,38,117
2013-05-24,3,38,102
2013-05-25,3,38,103
2013-05-26,3,38,85
2013-05-27,3,38,66
2013-05-28,3,38,86
2013-05-29,3,38,83
2013-05-30,3,38,92
2013-05-31,3,38,95
2013-06-01,3,38,103
2013-06-02,3,38,117
2013-06-03,3,38,69
2013-06-04,3,38,97
2013-06-05,3,38,85
2013-06-06,3,38,92
2013-06-07,3,38,97
2013-06-08,3,38,91
2013-06-09,3,38,127
2013-06-10,3,38,74
2013-06-11,3,38,94
2013-06-12,3,38,62
2013-06-13,3,38,109
2013-06-14,3,38,75
2013-06-15,3,38,108
2013-06-16,3,38,122
2013-06-17,3,38,65
2013-06-18,3,38,89
2013-06-19,3,38,83
2013-06-20,3,38,108
2013-06-21,3,38,109
2013-06-22,3,38,122
2013-06-23,3,38,111
2013-06-24,3,38,88
2013-06-25,3,38,76
2013-06-26,3,38,84
2013-06-27,3,38,93
2013-06-28,3,38,109
2013-06-29,3,38,122
2013-06-30,3,38,108
2013-07-01,3,38,80
2013-07-02,3,38,87
2013-07-03,3,38,93
2013-07-04,3,38,109
2013-07-05,3,38,91
2013-07-06,3,38,108
2013-07-07,3,38,126
2013-07-08,3,38,76
2013-07-09,3,38,86
2013-07-10,3,38,90
2013-07-11,3,38,110
2013-07-12,3,38,94
2013-07-13,3,38,102
2013-07-14,3,38,117
2013-07-15,3,38,82
2013-07-16,3,38,80
2013-07-17,3,38,89
2013-07-18,3,38,95
2013-07-19,3,38,103
2013-07-20,3,38,122
2013-07-21,3,38,94
2013-07-22,3,38,83
2013-07-23,3,38,94
2013-07-24,3,38,94
2013-07-25,3,38,103
2013-07-26,3,38,125
2013-07-27,3,38,95
2013-07-28,3,38,108
2013-07-29,3,38,83
2013-07-30,3,38,89
2013-07-31,3,38,79
2013-08-01,3,38,94
2013-08-02,3,38,92
2013-08-03,3,38,99
2013-08-04,3,38,95
2013-08-05,3,38,59
2013-08-06,3,38,71
2013-08-07,3,38,74
2013-08-08,3,38,89
2013-08-09,3,38,90
2013-08-10,3,38,90
2013-08-11,3,38,105
2013-08-12,3,38,61
2013-08-13,3,38,87
2013-08-14,3,38,78
2013-08-15,3,38,115
2013-08-16,3,38,110
2013-08-17,3,38,88
2013-08-18,3,38,91
2013-08-19,3,38,68
2013-08-20,3,38,64
2013-08-21,3,38,81
2013-08-22,3,38,91
2013-08-23,3,38,98
2013-08-24,3,38,97
2013-08-25,3,38,99
2013-08-26,3,38,64
2013-08-27,3,38,70
2013-08-28,3,38,78
2013-08-29,3,38,96
2013-08-30,3,38,96
2013-08-31,3,38,110
2013-09-01,3,38,91
2013-09-02,3,38,63
2013-09-03,3,38,70
2013-09-04,3,38,84
2013-09-05,3,38,101
2013-09-06,3,38,85
2013-09-07,3,38,98
2013-09-08,3,38,100
2013-09-09,3,38,65
2013-09-10,3,38,91
2013-09-11,3,38,83
2013-09-12,3,38,88
2013-09-13,3,38,64
2013-09-14,3,38,98
2013-09-15,3,38,96
2013-09-16,3,38,83
2013-09-17,3,38,71
2013-09-18,3,38,70
2013-09-19,3,38,87
2013-09-20,3,38,87
2013-09-21,3,38,86
2013-09-22,3,38,95
2013-09-23,3,38,66
2013-09-24,3,38,88
2013-09-25,3,38,81
2013-09-26,3,38,76
2013-09-27,3,38,87
2013-09-28,3,38,100
2013-09-29,3,38,104
2013-09-30,3,38,60
2013-10-01,3,38,72
2013-10-02,3,38,65
2013-10-03,3,38,83
2013-10-04,3,38,85
2013-10-05,3,38,71
2013-10-06,3,38,83
2013-10-07,3,38,62
2013-10-08,3,38,88
2013-10-09,3,38,67
2013-10-10,3,38,76
2013-10-11,3,38,72
2013-10-12,3,38,86
2013-10-13,3,38,76
2013-10-14,3,38,55
2013-10-15,3,38,69
2013-10-16,3,38,70
2013-10-17,3,38,72
2013-10-18,3,38,74
2013-10-19,3,38,89
2013-10-20,3,38,100
2013-10-21,3,38,67
2013-10-22,3,38,71
2013-10-23,3,38,72
2013-10-24,3,38,68
2013-10-25,3,38,87
2013-10-26,3,38,101
2013-10-27,3,38,86
2013-10-28,3,38,59
2013-10-29,3,38,71
2013-10-30,3,38,59
2013-10-31,3,38,54
2013-11-01,3,38,79
2013-11-02,3,38,99
2013-11-03,3,38,112
2013-11-04,3,38,68
2013-11-05,3,38,87
2013-11-06,3,38,69
2013-11-07,3,38,81
2013-11-08,3,38,73
2013-11-09,3,38,71
2013-11-10,3,38,93
2013-11-11,3,38,54
2013-11-12,3,38,82
2013-11-13,3,38,62
2013-11-14,3,38,88
2013-11-15,3,38,84
2013-11-16,3,38,93
2013-11-17,3,38,96
2013-11-18,3,38,66
2013-11-19,3,38,79
2013-11-20,3,38,66
2013-11-21,3,38,78
2013-11-22,3,38,85
2013-11-23,3,38,90
2013-11-24,3,38,90
2013-11-25,3,38,76
2013-11-26,3,38,74
2013-11-27,3,38,72
2013-11-28,3,38,66
2013-11-29,3,38,94
2013-11-30,3,38,76
2013-12-01,3,38,67
2013-12-02,3,38,47
2013-12-03,3,38,57
2013-12-04,3,38,54
2013-12-05,3,38,62
2013-12-06,3,38,52
2013-12-07,3,38,68
2013-12-08,3,38,72
2013-12-09,3,38,53
2013-12-10,3,38,59
2013-12-11,3,38,53
2013-12-12,3,38,61
2013-12-13,3,38,53
2013-12-14,3,38,59
2013-12-15,3,38,54
2013-12-16,3,38,48
2013-12-17,3,38,50
2013-12-18,3,38,65
2013-12-19,3,38,49
2013-12-20,3,38,61
2013-12-21,3,38,65
2013-12-22,3,38,60
2013-12-23,3,38,52
2013-12-24,3,38,53
2013-12-25,3,38,54
2013-12-26,3,38,46
2013-12-27,3,38,61
2013-12-28,3,38,69
2013-12-29,3,38,79
2013-12-30,3,38,56
2013-12-31,3,38,60
2014-01-01,3,38,46
2014-01-02,3,38,60
2014-01-03,3,38,51
2014-01-04,3,38,66
2014-01-05,3,38,71
2014-01-06,3,38,28
2014-01-07,3,38,50
2014-01-08,3,38,54
2014-01-09,3,38,55
2014-01-10,3,38,76
2014-01-11,3,38,71
2014-01-12,3,38,69
2014-01-13,3,38,35
2014-01-14,3,38,55
2014-01-15,3,38,44
2014-01-16,3,38,80
2014-01-17,3,38,44
2014-01-18,3,38,70
2014-01-19,3,38,80
2014-01-20,3,38,48
2014-01-21,3,38,63
2014-01-22,3,38,62
2014-01-23,3,38,56
2014-01-24,3,38,69
2014-01-25,3,38,62
2014-01-26,3,38,74
2014-01-27,3,38,38
2014-01-28,3,38,42
2014-01-29,3,38,57
2014-01-30,3,38,60
2014-01-31,3,38,74
2014-02-01,3,38,71
2014-02-02,3,38,63
2014-02-03,3,38,55
2014-02-04,3,38,55
2014-02-05,3,38,74
2014-02-06,3,38,69
2014-02-07,3,38,71
2014-02-08,3,38,87
2014-02-09,3,38,86
2014-02-10,3,38,53
2014-02-11,3,38,53
2014-02-12,3,38,53
2014-02-13,3,38,57
2014-02-14,3,38,78
2014-02-15,3,38,85
2014-02-16,3,38,82
2014-02-17,3,38,57
2014-02-18,3,38,51
2014-02-19,3,38,56
2014-02-20,3,38,68
2014-02-21,3,38,76
2014-02-22,3,38,68
2014-02-23,3,38,68
2014-02-24,3,38,48
2014-02-25,3,38,58
2014-02-26,3,38,59
2014-02-27,3,38,76
2014-02-28,3,38,58
2014-03-01,3,38,85
2014-03-02,3,38,88
2014-03-03,3,38,74
2014-03-04,3,38,83
2014-03-05,3,38,79
2014-03-06,3,38,69
2014-03-07,3,38,82
2014-03-08,3,38,86
2014-03-09,3,38,94
2014-03-10,3,38,47
2014-03-11,3,38,72
2014-03-12,3,38,84
2014-03-13,3,38,75
2014-03-14,3,38,92
2014-03-15,3,38,100
2014-03-16,3,38,84
2014-03-17,3,38,80
2014-03-18,3,38,64
2014-03-19,3,38,65
2014-03-20,3,38,69
2014-03-21,3,38,75
2014-03-22,3,38,76
2014-03-23,3,38,101
2014-03-24,3,38,63
2014-03-25,3,38,88
2014-03-26,3,38,71
2014-03-27,3,38,63
2014-03-28,3,38,86
2014-03-29,3,38,82
2014-03-30,3,38,96
2014-03-31,3,38,67
2014-04-01,3,38,85
2014-04-02,3,38,90
2014-04-03,3,38,107
2014-04-04,3,38,106
2014-04-05,3,38,103
2014-04-06,3,38,105
2014-04-07,3,38,73
2014-04-08,3,38,87
2014-04-09,3,38,106
2014-04-10,3,38,86
2014-04-11,3,38,103
2014-04-12,3,38,92
2014-04-13,3,38,116
2014-04-14,3,38,89
2014-04-15,3,38,90
2014-04-16,3,38,86
2014-04-17,3,38,103
2014-04-18,3,38,101
2014-04-19,3,38,101
2014-04-20,3,38,123
2014-04-21,3,38,62
2014-04-22,3,38,103
2014-04-23,3,38,79
2014-04-24,3,38,83
2014-04-25,3,38,102
2014-04-26,3,38,94
2014-04-27,3,38,109
2014-04-28,3,38,70
2014-04-29,3,38,80
2014-04-30,3,38,100
2014-05-01,3,38,90
2014-05-02,3,38,98
2014-05-03,3,38,118
2014-05-04,3,38,121
2014-05-05,3,38,72
2014-05-06,3,38,96
2014-05-07,3,38,98
2014-05-08,3,38,115
2014-05-09,3,38,93
2014-05-10,3,38,105
2014-05-11,3,38,122
2014-05-12,3,38,83
2014-05-13,3,38,81
2014-05-14,3,38,81
2014-05-15,3,38,88
2014-05-16,3,38,115
2014-05-17,3,38,125
2014-05-18,3,38,121
2014-05-19,3,38,78
2014-05-20,3,38,102
2014-05-21,3,38,81
2014-05-22,3,38,90
2014-05-23,3,38,130
2014-05-24,3,38,96
2014-05-25,3,38,119
2014-05-26,3,38,79
2014-05-27,3,38,98
2014-05-28,3,38,99
2014-05-29,3,38,105
2014-05-30,3,38,104
2014-05-31,3,38,113
2014-06-01,3,38,119
2014-06-02,3,38,86
2014-06-03,3,38,98
2014-06-04,3,38,95
2014-06-05,3,38,113
2014-06-06,3,38,117
2014-06-07,3,38,123
2014-06-08,3,38,123
2014-06-09,3,38,80
2014-06-10,3,38,120
2014-06-11,3,38,96
2014-06-12,3,38,104
2014-06-13,3,38,117
2014-06-14,3,38,131
2014-06-15,3,38,129
2014-06-16,3,38,82
2014-06-17,3,38,98
2014-06-18,3,38,77
2014-06-19,3,38,104
2014-06-20,3,38,122
2014-06-21,3,38,113
2014-06-22,3,38,122
2014-06-23,3,38,84
2014-06-24,3,38,103
2014-06-25,3,38,103
2014-06-26,3,38,97
2014-06-27,3,38,106
2014-06-28,3,38,116
2014-06-29,3,38,138
2014-06-30,3,38,69
2014-07-01,3,38,115
2014-07-02,3,38,101
2014-07-03,3,38,118
2014-07-04,3,38,93
2014-07-05,3,38,120
2014-07-06,3,38,142
2014-07-07,3,38,83
2014-07-08,3,38,108
2014-07-09,3,38,100
2014-07-10,3,38,125
2014-07-11,3,38,133
2014-07-12,3,38,137
2014-07-13,3,38,134
2014-07-14,3,38,94
2014-07-15,3,38,99
2014-07-16,3,38,99
2014-07-17,3,38,116
2014-07-18,3,38,120
2014-07-19,3,38,127
2014-07-20,3,38,149
2014-07-21,3,38,104
2014-07-22,3,38,93
2014-07-23,3,38,104
2014-07-24,3,38,107
2014-07-25,3,38,117
2014-07-26,3,38,116
2014-07-27,3,38,135
2014-07-28,3,38,91
2014-07-29,3,38,96
2014-07-30,3,38,91
2014-07-31,3,38,88
2014-08-01,3,38,90
2014-08-02,3,38,108
2014-08-03,3,38,130
2014-08-04,3,38,99
2014-08-05,3,38,95
2014-08-06,3,38,78
2014-08-07,3,38,113
2014-08-08,3,38,101
2014-08-09,3,38,110
2014-08-10,3,38,129
2014-08-11,3,38,87
2014-08-12,3,38,73
2014-08-13,3,38,98
2014-08-14,3,38,99
2014-08-15,3,38,108
2014-08-16,3,38,105
2014-08-17,3,38,128
2014-08-18,3,38,82
2014-08-19,3,38,102
2014-08-20,3,38,93
2014-08-21,3,38,96
2014-08-22,3,38,94
2014-08-23,3,38,91
2014-08-24,3,38,121
2014-08-25,3,38,84
2014-08-26,3,38,93
2014-08-27,3,38,90
2014-08-28,3,38,107
2014-08-29,3,38,118
2014-08-30,3,38,97
2014-08-31,3,38,141
2014-09-01,3,38,54
2014-09-02,3,38,88
2014-09-03,3,38,90
2014-09-04,3,38,84
2014-09-05,3,38,97
2014-09-06,3,38,106
2014-09-07,3,38,102
2014-09-08,3,38,87
2014-09-09,3,38,81
2014-09-10,3,38,78
2014-09-11,3,38,86
2014-09-12,3,38,104
2014-09-13,3,38,110
2014-09-14,3,38,119
2014-09-15,3,38,58
2014-09-16,3,38,77
2014-09-17,3,38,84
2014-09-18,3,38,90
2014-09-19,3,38,120
2014-09-20,3,38,127
2014-09-21,3,38,117
2014-09-22,3,38,75
2014-09-23,3,38,77
2014-09-24,3,38,88
2014-09-25,3,38,94
2014-09-26,3,38,116
2014-09-27,3,38,99
2014-09-28,3,38,114
2014-09-29,3,38,68
2014-09-30,3,38,77
2014-10-01,3,38,69
2014-10-02,3,38,98
2014-10-03,3,38,109
2014-10-04,3,38,103
2014-10-05,3,38,93
2014-10-06,3,38,56
2014-10-07,3,38,71
2014-10-08,3,38,82
2014-10-09,3,38,91
2014-10-10,3,38,81
2014-10-11,3,38,97
2014-10-12,3,38,91
2014-10-13,3,38,65
2014-10-14,3,38,73
2014-10-15,3,38,79
2014-10-16,3,38,103
2014-10-17,3,38,85
2014-10-18,3,38,119
2014-10-19,3,38,99
2014-10-20,3,38,59
2014-10-21,3,38,76
2014-10-22,3,38,74
2014-10-23,3,38,76
2014-10-24,3,38,92
2014-10-25,3,38,95
2014-10-26,3,38,106
2014-10-27,3,38,71
2014-10-28,3,38,63
2014-10-29,3,38,84
2014-10-30,3,38,94
2014-10-31,3,38,90
2014-11-01,3,38,122
2014-11-02,3,38,110
2014-11-03,3,38,66
2014-11-04,3,38,77
2014-11-05,3,38,92
2014-11-06,3,38,113
2014-11-07,3,38,109
2014-11-08,3,38,101
2014-11-09,3,38,113
2014-11-10,3,38,81
2014-11-11,3,38,92
2014-11-12,3,38,87
2014-11-13,3,38,81
2014-11-14,3,38,100
2014-11-15,3,38,126
2014-11-16,3,38,113
2014-11-17,3,38,54
2014-11-18,3,38,84
2014-11-19,3,38,95
2014-11-20,3,38,61
2014-11-21,3,38,97
2014-11-22,3,38,110
2014-11-23,3,38,110
2014-11-24,3,38,77
2014-11-25,3,38,93
2014-11-26,3,38,89
2014-11-27,3,38,106
2014-11-28,3,38,104
2014-11-29,3,38,104
2014-11-30,3,38,103
2014-12-01,3,38,51
2014-12-02,3,38,51
2014-12-03,3,38,51
2014-12-04,3,38,55
2014-12-05,3,38,61
2014-12-06,3,38,85
2014-12-07,3,38,71
2014-12-08,3,38,56
2014-12-09,3,38,56
2014-12-10,3,38,55
2014-12-11,3,38,82
2014-12-12,3,38,66
2014-12-13,3,38,79
2014-12-14,3,38,90
2014-12-15,3,38,45
2014-12-16,3,38,71
2014-12-17,3,38,75
2014-12-18,3,38,61
2014-12-19,3,38,73
2014-12-20,3,38,79
2014-12-21,3,38,67
2014-12-22,3,38,66
2014-12-23,3,38,60
2014-12-24,3,38,61
2014-12-25,3,38,60
2014-12-26,3,38,59
2014-12-27,3,38,93
2014-12-28,3,38,71
2014-12-29,3,38,62
2014-12-30,3,38,55
2014-12-31,3,38,56
2015-01-01,3,38,66
2015-01-02,3,38,77
2015-01-03,3,38,71
2015-01-04,3,38,80
2015-01-05,3,38,49
2015-01-06,3,38,61
2015-01-07,3,38,60
2015-01-08,3,38,54
2015-01-09,3,38,67
2015-01-10,3,38,73
2015-01-11,3,38,59
2015-01-12,3,38,44
2015-01-13,3,38,41
2015-01-14,3,38,52
2015-01-15,3,38,54
2015-01-16,3,38,59
2015-01-17,3,38,72
2015-01-18,3,38,78
2015-01-19,3,38,54
2015-01-20,3,38,44
2015-01-21,3,38,53
2015-01-22,3,38,61
2015-01-23,3,38,58
2015-01-24,3,38,67
2015-01-25,3,38,77
2015-01-26,3,38,51
2015-01-27,3,38,59
2015-01-28,3,38,49
2015-01-29,3,38,65
2015-01-30,3,38,75
2015-01-31,3,38,70
2015-02-01,3,38,87
2015-02-02,3,38,63
2015-02-03,3,38,57
2015-02-04,3,38,68
2015-02-05,3,38,92
2015-02-06,3,38,58
2015-02-07,3,38,78
2015-02-08,3,38,83
2015-02-09,3,38,51
2015-02-10,3,38,65
2015-02-11,3,38,83
2015-02-12,3,38,64
2015-02-13,3,38,74
2015-02-14,3,38,79
2015-02-15,3,38,77
2015-02-16,3,38,52
2015-02-17,3,38,59
2015-02-18,3,38,62
2015-02-19,3,38,76
2015-02-20,3,38,77
2015-02-21,3,38,78
2015-02-22,3,38,91
2015-02-23,3,38,59
2015-02-24,3,38,66
2015-02-25,3,38,67
2015-02-26,3,38,67
2015-02-27,3,38,83
2015-02-28,3,38,81
2015-03-01,3,38,103
2015-03-02,3,38,72
2015-03-03,3,38,67
2015-03-04,3,38,60
2015-03-05,3,38,88
2015-03-06,3,38,88
2015-03-07,3,38,116
2015-03-08,3,38,118
2015-03-09,3,38,70
2015-03-10,3,38,75
2015-03-11,3,38,81
2015-03-12,3,38,84
2015-03-13,3,38,86
2015-03-14,3,38,95
2015-03-15,3,38,85
2015-03-16,3,38,62
2015-03-17,3,38,66
2015-03-18,3,38,77
2015-03-19,3,38,73
2015-03-20,3,38,92
2015-03-21,3,38,103
2015-03-22,3,38,97
2015-03-23,3,38,62
2015-03-24,3,38,75
2015-03-25,3,38,70
2015-03-26,3,38,82
2015-03-27,3,38,90
2015-03-28,3,38,98
2015-03-29,3,38,96
2015-03-30,3,38,65
2015-03-31,3,38,73
2015-04-01,3,38,71
2015-04-02,3,38,117
2015-04-03,3,38,104
2015-04-04,3,38,98
2015-04-05,3,38,121
2015-04-06,3,38,78
2015-04-07,3,38,93
2015-04-08,3,38,89
2015-04-09,3,38,92
2015-04-10,3,38,106
2015-04-11,3,38,108
2015-04-12,3,38,130
2015-04-13,3,38,73
2015-04-14,3,38,89
2015-04-15,3,38,84
2015-04-16,3,38,98
2015-04-17,3,38,115
2015-04-18,3,38,113
2015-04-19,3,38,121
2015-04-20,3,38,68
2015-04-21,3,38,102
2015-04-22,3,38,60
2015-04-23,3,38,83
2015-04-24,3,38,114
2015-04-25,3,38,104
2015-04-26,3,38,114
2015-04-27,3,38,70
2015-04-28,3,38,96
2015-04-29,3,38,91
2015-04-30,3,38,92
2015-05-01,3,38,113
2015-05-02,3,38,129
2015-05-03,3,38,107
2015-05-04,3,38,82
2015-05-05,3,38,92
2015-05-06,3,38,99
2015-05-07,3,38,95
2015-05-08,3,38,97
2015-05-09,3,38,129
2015-05-10,3,38,114
2015-05-11,3,38,83
2015-05-12,3,38,86
2015-05-13,3,38,108
2015-05-14,3,38,88
2015-05-15,3,38,98
2015-05-16,3,38,99
2015-05-17,3,38,122
2015-05-18,3,38,90
2015-05-19,3,38,113
2015-05-20,3,38,84
2015-05-21,3,38,80
2015-05-22,3,38,104
2015-05-23,3,38,94
2015-05-24,3,38,130
2015-05-25,3,38,101
2015-05-26,3,38,90
2015-05-27,3,38,93
2015-05-28,3,38,102
2015-05-29,3,38,111
2015-05-30,3,38,105
2015-05-31,3,38,109
2015-06-01,3,38,87
2015-06-02,3,38,111
2015-06-03,3,38,109
2015-06-04,3,38,98
2015-06-05,3,38,131
2015-06-06,3,38,143
2015-06-07,3,38,118
2015-06-08,3,38,106
2015-06-09,3,38,99
2015-06-10,3,38,90
2015-06-11,3,38,126
2015-06-12,3,38,114
2015-06-13,3,38,139
2015-06-14,3,38,131
2015-06-15,3,38,84
2015-06-16,3,38,114
2015-06-17,3,38,100
2015-06-18,3,38,122
2015-06-19,3,38,132
2015-06-20,3,38,140
2015-06-21,3,38,134
2015-06-22,3,38,74
2015-06-23,3,38,105
2015-06-24,3,38,104
2015-06-25,3,38,104
2015-06-26,3,38,112
2015-06-27,3,38,125
2015-06-28,3,38,139
2015-06-29,3,38,100
2015-06-30,3,38,106
2015-07-01,3,38,114
2015-07-02,3,38,133
2015-07-03,3,38,107
2015-07-04,3,38,126
2015-07-05,3,38,158
2015-07-06,3,38,87
2015-07-07,3,38,101
2015-07-08,3,38,101
2015-07-09,3,38,113
2015-07-10,3,38,129
2015-07-11,3,38,133
2015-07-12,3,38,126
2015-07-13,3,38,105
2015-07-14,3,38,92
2015-07-15,3,38,121
2015-07-16,3,38,109
2015-07-17,3,38,143
2015-07-18,3,38,127
2015-07-19,3,38,147
2015-07-20,3,38,94
2015-07-21,3,38,121
2015-07-22,3,38,90
2015-07-23,3,38,120
2015-07-24,3,38,141
2015-07-25,3,38,134
2015-07-26,3,38,145
2015-07-27,3,38,90
2015-07-28,3,38,104
2015-07-29,3,38,103
2015-07-30,3,38,116
2015-07-31,3,38,133
2015-08-01,3,38,88
2015-08-02,3,38,131
2015-08-03,3,38,96
2015-08-04,3,38,111
2015-08-05,3,38,108
2015-08-06,3,38,110
2015-08-07,3,38,121
2015-08-08,3,38,109
2015-08-09,3,38,127
2015-08-10,3,38,82
2015-08-11,3,38,106
2015-08-12,3,38,95
2015-08-13,3,38,112
2015-08-14,3,38,97
2015-08-15,3,38,102
2015-08-16,3,38,128
2015-08-17,3,38,77
2015-08-18,3,38,86
2015-08-19,3,38,94
2015-08-20,3,38,108
2015-08-21,3,38,99
2015-08-22,3,38,111
2015-08-23,3,38,125
2015-08-24,3,38,74
2015-08-25,3,38,85
2015-08-26,3,38,96
2015-08-27,3,38,109
2015-08-28,3,38,109
2015-08-29,3,38,110
2015-08-30,3,38,129
2015-08-31,3,38,77
2015-09-01,3,38,98
2015-09-02,3,38,88
2015-09-03,3,38,115
2015-09-04,3,38,83
2015-09-05,3,38,89
2015-09-06,3,38,112
2015-09-07,3,38,67
2015-09-08,3,38,83
2015-09-09,3,38,80
2015-09-10,3,38,98
2015-09-11,3,38,87
2015-09-12,3,38,105
2015-09-13,3,38,111
2015-09-14,3,38,82
2015-09-15,3,38,82
2015-09-16,3,38,100
2015-09-17,3,38,97
2015-09-18,3,38,104
2015-09-19,3,38,107
2015-09-20,3,38,127
2015-09-21,3,38,77
2015-09-22,3,38,91
2015-09-23,3,38,73
2015-09-24,3,38,81
2015-09-25,3,38,115
2015-09-26,3,38,91
2015-09-27,3,38,118
2015-09-28,3,38,79
2015-09-29,3,38,96
2015-09-30,3,38,81
2015-10-01,3,38,79
2015-10-02,3,38,90
2015-10-03,3,38,111
2015-10-04,3,38,101
2015-10-05,3,38,65
2015-10-06,3,38,68
2015-10-07,3,38,86
2015-10-08,3,38,64
2015-10-09,3,38,88
2015-10-10,3,38,93
2015-10-11,3,38,104
2015-10-12,3,38,80
2015-10-13,3,38,85
2015-10-14,3,38,74
2015-10-15,3,38,97
2015-10-16,3,38,102
2015-10-17,3,38,104
2015-10-18,3,38,113
2015-10-19,3,38,66
2015-10-20,3,38,79
2015-10-21,3,38,81
2015-10-22,3,38,102
2015-10-23,3,38,111
2015-10-24,3,38,103
2015-10-25,3,38,106
2015-10-26,3,38,76
2015-10-27,3,38,103
2015-10-28,3,38,83
2015-10-29,3,38,77
2015-10-30,3,38,83
2015-10-31,3,38,108
2015-11-01,3,38,136
2015-11-02,3,38,73
2015-11-03,3,38,68
2015-11-04,3,38,85
2015-11-05,3,38,104
2015-11-06,3,38,94
2015-11-07,3,38,78
2015-11-08,3,38,115
2015-11-09,3,38,92
2015-11-10,3,38,92
2015-11-11,3,38,96
2015-11-12,3,38,86
2015-11-13,3,38,109
2015-11-14,3,38,101
2015-11-15,3,38,114
2015-11-16,3,38,70
2015-11-17,3,38,74
2015-11-18,3,38,89
2015-11-19,3,38,98
2015-11-20,3,38,93
2015-11-21,3,38,108
2015-11-22,3,38,110
2015-11-23,3,38,72
2015-11-24,3,38,100
2015-11-25,3,38,92
2015-11-26,3,38,92
2015-11-27,3,38,110
2015-11-28,3,38,122
2015-11-29,3,38,116
2015-11-30,3,38,84
2015-12-01,3,38,62
2015-12-02,3,38,68
2015-12-03,3,38,73
2015-12-04,3,38,81
2015-12-05,3,38,70
2015-12-06,3,38,70
2015-12-07,3,38,63
2015-12-08,3,38,53
2015-12-09,3,38,60
2015-12-10,3,38,61
2015-12-11,3,38,74
2015-12-12,3,38,80
2015-12-13,3,38,80
2015-12-14,3,38,53
2015-12-15,3,38,61
2015-12-16,3,38,64
2015-12-17,3,38,56
2015-12-18,3,38,69
2015-12-19,3,38,79
2015-12-20,3,38,91
2015-12-21,3,38,35
2015-12-22,3,38,73
2015-12-23,3,38,62
2015-12-24,3,38,75
2015-12-25,3,38,71
2015-12-26,3,38,74
2015-12-27,3,38,75
2015-12-28,3,38,61
2015-12-29,3,38,59
2015-12-30,3,38,65
2015-12-31,3,38,60
2016-01-01,3,38,76
2016-01-02,3,38,87
2016-01-03,3,38,72
2016-01-04,3,38,58
2016-01-05,3,38,70
2016-01-06,3,38,61
2016-01-07,3,38,68
2016-01-08,3,38,62
2016-01-09,3,38,77
2016-01-10,3,38,85
2016-01-11,3,38,66
2016-01-12,3,38,65
2016-01-13,3,38,65
2016-01-14,3,38,67
2016-01-15,3,38,61
2016-01-16,3,38,69
2016-01-17,3,38,73
2016-01-18,3,38,50
2016-01-19,3,38,62
2016-01-20,3,38,60
2016-01-21,3,38,64
2016-01-22,3,38,75
2016-01-23,3,38,89
2016-01-24,3,38,78
2016-01-25,3,38,56
2016-01-26,3,38,56
2016-01-27,3,38,56
2016-01-28,3,38,71
2016-01-29,3,38,83
2016-01-30,3,38,77
2016-01-31,3,38,75
2016-02-01,3,38,50
2016-02-02,3,38,73
2016-02-03,3,38,72
2016-02-04,3,38,67
2016-02-05,3,38,75
2016-02-06,3,38,79
2016-02-07,3,38,102
2016-02-08,3,38,69
2016-02-09,3,38,82
2016-02-10,3,38,55
2016-02-11,3,38,79
2016-02-12,3,38,77
2016-02-13,3,38,83
2016-02-14,3,38,74
2016-02-15,3,38,45
2016-02-16,3,38,72
2016-02-17,3,38,79
2016-02-18,3,38,67
2016-02-19,3,38,78
2016-02-20,3,38,94
2016-02-21,3,38,121
2016-02-22,3,38,61
2016-02-23,3,38,70
2016-02-24,3,38,70
2016-02-25,3,38,75
2016-02-26,3,38,71
2016-02-27,3,38,85
2016-02-28,3,38,84
2016-02-29,3,38,65
2016-03-01,3,38,80
2016-03-02,3,38,89
2016-03-03,3,38,96
2016-03-04,3,38,105
2016-03-05,3,38,102
2016-03-06,3,38,96
2016-03-07,3,38,73
2016-03-08,3,38,64
2016-03-09,3,38,79
2016-03-10,3,38,77
2016-03-11,3,38,97
2016-03-12,3,38,118
2016-03-13,3,38,94
2016-03-14,3,38,73
2016-03-15,3,38,95
2016-03-16,3,38,87
2016-03-17,3,38,98
2016-03-18,3,38,85
2016-03-19,3,38,105
2016-03-20,3,38,121
2016-03-21,3,38,65
2016-03-22,3,38,73
2016-03-23,3,38,76
2016-03-24,3,38,84
2016-03-25,3,38,96
2016-03-26,3,38,113
2016-03-27,3,38,107
2016-03-28,3,38,60
2016-03-29,3,38,91
2016-03-30,3,38,79
2016-03-31,3,38,99
2016-04-01,3,38,120
2016-04-02,3,38,92
2016-04-03,3,38,126
2016-04-04,3,38,113
2016-04-05,3,38,83
2016-04-06,3,38,96
2016-04-07,3,38,106
2016-04-08,3,38,110
2016-04-09,3,38,100
2016-04-10,3,38,136
2016-04-11,3,38,85
2016-04-12,3,38,96
2016-04-13,3,38,91
2016-04-14,3,38,114
2016-04-15,3,38,88
2016-04-16,3,38,124
2016-04-17,3,38,114
2016-04-18,3,38,61
2016-04-19,3,38,103
2016-04-20,3,38,86
2016-04-21,3,38,114
2016-04-22,3,38,114
2016-04-23,3,38,129
2016-04-24,3,38,108
2016-04-25,3,38,79
2016-04-26,3,38,97
2016-04-27,3,38,105
2016-04-28,3,38,125
2016-04-29,3,38,121
2016-04-30,3,38,124
2016-05-01,3,38,126
2016-05-02,3,38,92
2016-05-03,3,38,107
2016-05-04,3,38,93
2016-05-05,3,38,117
2016-05-06,3,38,144
2016-05-07,3,38,109
2016-05-08,3,38,121
2016-05-09,3,38,94
2016-05-10,3,38,95
2016-05-11,3,38,91
2016-05-12,3,38,110
2016-05-13,3,38,117
2016-05-14,3,38,125
2016-05-15,3,38,163
2016-05-16,3,38,77
2016-05-17,3,38,93
2016-05-18,3,38,106
2016-05-19,3,38,129
2016-05-20,3,38,127
2016-05-21,3,38,140
2016-05-22,3,38,146
2016-05-23,3,38,84
2016-05-24,3,38,98
2016-05-25,3,38,119
2016-05-26,3,38,114
2016-05-27,3,38,129
2016-05-28,3,38,118
2016-05-29,3,38,131
2016-05-30,3,38,81
2016-05-31,3,38,111
2016-06-01,3,38,126
2016-06-02,3,38,115
2016-06-03,3,38,111
2016-06-04,3,38,146
2016-06-05,3,38,150
2016-06-06,3,38,91
2016-06-07,3,38,104
2016-06-08,3,38,106
2016-06-09,3,38,114
2016-06-10,3,38,133
2016-06-11,3,38,134
2016-06-12,3,38,138
2016-06-13,3,38,99
2016-06-14,3,38,96
2016-06-15,3,38,131
2016-06-16,3,38,115
2016-06-17,3,38,115
2016-06-18,3,38,144
2016-06-19,3,38,114
2016-06-20,3,38,85
2016-06-21,3,38,96
2016-06-22,3,38,102
2016-06-23,3,38,122
2016-06-24,3,38,150
2016-06-25,3,38,142
2016-06-26,3,38,152
2016-06-27,3,38,88
2016-06-28,3,38,128
2016-06-29,3,38,116
2016-06-30,3,38,115
2016-07-01,3,38,146
2016-07-02,3,38,157
2016-07-03,3,38,161
2016-07-04,3,38,125
2016-07-05,3,38,93
2016-07-06,3,38,123
2016-07-07,3,38,135
2016-07-08,3,38,141
2016-07-09,3,38,167
2016-07-10,3,38,140
2016-07-11,3,38,99
2016-07-12,3,38,118
2016-07-13,3,38,129
2016-07-14,3,38,131
2016-07-15,3,38,131
2016-07-16,3,38,145
2016-07-17,3,38,151
2016-07-18,3,38,93
2016-07-19,3,38,141
2016-07-20,3,38,106
2016-07-21,3,38,107
2016-07-22,3,38,126
2016-07-23,3,38,146
2016-07-24,3,38,151
2016-07-25,3,38,103
2016-07-26,3,38,115
2016-07-27,3,38,111
2016-07-28,3,38,113
2016-07-29,3,38,125
2016-07-30,3,38,153
2016-07-31,3,38,182
2016-08-01,3,38,78
2016-08-02,3,38,127
2016-08-03,3,38,98
2016-08-04,3,38,110
2016-08-05,3,38,138
2016-08-06,3,38,113
2016-08-07,3,38,129
2016-08-08,3,38,80
2016-08-09,3,38,103
2016-08-10,3,38,110
2016-08-11,3,38,102
2016-08-12,3,38,101
2016-08-13,3,38,111
2016-08-14,3,38,122
2016-08-15,3,38,97
2016-08-16,3,38,102
2016-08-17,3,38,104
2016-08-18,3,38,101
2016-08-19,3,38,95
2016-08-20,3,38,127
2016-08-21,3,38,126
2016-08-22,3,38,88
2016-08-23,3,38,121
2016-08-24,3,38,110
2016-08-25,3,38,125
2016-08-26,3,38,133
2016-08-27,3,38,109
2016-08-28,3,38,133
2016-08-29,3,38,91
2016-08-30,3,38,116
2016-08-31,3,38,123
2016-09-01,3,38,108
2016-09-02,3,38,102
2016-09-03,3,38,127
2016-09-04,3,38,149
2016-09-05,3,38,72
2016-09-06,3,38,110
2016-09-07,3,38,95
2016-09-08,3,38,101
2016-09-09,3,38,99
2016-09-10,3,38,123
2016-09-11,3,38,107
2016-09-12,3,38,90
2016-09-13,3,38,90
2016-09-14,3,38,86
2016-09-15,3,38,101
2016-09-16,3,38,128
2016-09-17,3,38,127
2016-09-18,3,38,122
2016-09-19,3,38,87
2016-09-20,3,38,96
2016-09-21,3,38,98
2016-09-22,3,38,112
2016-09-23,3,38,90
2016-09-24,3,38,117
2016-09-25,3,38,119
2016-09-26,3,38,100
2016-09-27,3,38,90
2016-09-28,3,38,105
2016-09-29,3,38,110
2016-09-30,3,38,123
2016-10-01,3,38,123
2016-10-02,3,38,115
2016-10-03,3,38,89
2016-10-04,3,38,84
2016-10-05,3,38,83
2016-10-06,3,38,90
2016-10-07,3,38,101
2016-10-08,3,38,113
2016-10-09,3,38,109
2016-10-10,3,38,67
2016-10-11,3,38,93
2016-10-12,3,38,102
2016-10-13,3,38,101
2016-10-14,3,38,98
2016-10-15,3,38,122
2016-10-16,3,38,118
2016-10-17,3,38,81
2016-10-18,3,38,86
2016-10-19,3,38,89
2016-10-20,3,38,92
2016-10-21,3,38,103
2016-10-22,3,38,117
2016-10-23,3,38,99
2016-10-24,3,38,69
2016-10-25,3,38,93
2016-10-26,3,38,81
2016-10-27,3,38,99
2016-10-28,3,38,94
2016-10-29,3,38,106
2016-10-30,3,38,122
2016-10-31,3,38,74
2016-11-01,3,38,111
2016-11-02,3,38,101
2016-11-03,3,38,98
2016-11-04,3,38,110
2016-11-05,3,38,110
2016-11-06,3,38,126
2016-11-07,3,38,96
2016-11-08,3,38,88
2016-11-09,3,38,104
2016-11-10,3,38,109
2016-11-11,3,38,108
2016-11-12,3,38,108
2016-11-13,3,38,137
2016-11-14,3,38,91
2016-11-15,3,38,104
2016-11-16,3,38,99
2016-11-17,3,38,112
2016-11-18,3,38,105
2016-11-19,3,38,111
2016-11-20,3,38,109
2016-11-21,3,38,85
2016-11-22,3,38,91
2016-11-23,3,38,89
2016-11-24,3,38,107
2016-11-25,3,38,123
2016-11-26,3,38,115
2016-11-27,3,38,117
2016-11-28,3,38,84
2016-11-29,3,38,84
2016-11-30,3,38,107
2016-12-01,3,38,66
2016-12-02,3,38,77
2016-12-03,3,38,86
2016-12-04,3,38,92
2016-12-05,3,38,71
2016-12-06,3,38,60
2016-12-07,3,38,61
2016-12-08,3,38,80
2016-12-09,3,38,91
2016-12-10,3,38,96
2016-12-11,3,38,83
2016-12-12,3,38,52
2016-12-13,3,38,76
2016-12-14,3,38,73
2016-12-15,3,38,75
2016-12-16,3,38,83
2016-12-17,3,38,73
2016-12-18,3,38,79
2016-12-19,3,38,50
2016-12-20,3,38,62
2016-12-21,3,38,95
2016-12-22,3,38,87
2016-12-23,3,38,85
2016-12-24,3,38,83
2016-12-25,3,38,103
2016-12-26,3,38,59
2016-12-27,3,38,68
2016-12-28,3,38,68
2016-12-29,3,38,78
2016-12-30,3,38,63
2016-12-31,3,38,77
2017-01-01,3,38,80
2017-01-02,3,38,65
2017-01-03,3,38,61
2017-01-04,3,38,65
2017-01-05,3,38,58
2017-01-06,3,38,77
2017-01-07,3,38,78
2017-01-08,3,38,90
2017-01-09,3,38,55
2017-01-10,3,38,60
2017-01-11,3,38,69
2017-01-12,3,38,79
2017-01-13,3,38,80
2017-01-14,3,38,79
2017-01-15,3,38,81
2017-01-16,3,38,62
2017-01-17,3,38,72
2017-01-18,3,38,69
2017-01-19,3,38,56
2017-01-20,3,38,76
2017-01-21,3,38,88
2017-01-22,3,38,95
2017-01-23,3,38,42
2017-01-24,3,38,58
2017-01-25,3,38,66
2017-01-26,3,38,74
2017-01-27,3,38,75
2017-01-28,3,38,72
2017-01-29,3,38,77
2017-01-30,3,38,48
2017-01-31,3,38,70
2017-02-01,3,38,66
2017-02-02,3,38,74
2017-02-03,3,38,81
2017-02-04,3,38,73
2017-02-05,3,38,91
2017-02-06,3,38,52
2017-02-07,3,38,73
2017-02-08,3,38,65
2017-02-09,3,38,87
2017-02-10,3,38,85
2017-02-11,3,38,104
2017-02-12,3,38,85
2017-02-13,3,38,59
2017-02-14,3,38,71
2017-02-15,3,38,82
2017-02-16,3,38,78
2017-02-17,3,38,80
2017-02-18,3,38,89
2017-02-19,3,38,105
2017-02-20,3,38,49
2017-02-21,3,38,75
2017-02-22,3,38,80
2017-02-23,3,38,77
2017-02-24,3,38,79
2017-02-25,3,38,81
2017-02-26,3,38,102
2017-02-27,3,38,70
2017-02-28,3,38,72
2017-03-01,3,38,79
2017-03-02,3,38,90
2017-03-03,3,38,97
2017-03-04,3,38,74
2017-03-05,3,38,109
2017-03-06,3,38,99
2017-03-07,3,38,71
2017-03-08,3,38,98
2017-03-09,3,38,75
2017-03-10,3,38,92
2017-03-11,3,38,105
2017-03-12,3,38,125
2017-03-13,3,38,65
2017-03-14,3,38,67
2017-03-15,3,38,97
2017-03-16,3,38,78
2017-03-17,3,38,102
2017-03-18,3,38,126
2017-03-19,3,38,110
2017-03-20,3,38,76
2017-03-21,3,38,94
2017-03-22,3,38,95
2017-03-23,3,38,92
2017-03-24,3,38,112
2017-03-25,3,38,75
2017-03-26,3,38,111
2017-03-27,3,38,70
2017-03-28,3,38,82
2017-03-29,3,38,100
2017-03-30,3,38,91
2017-03-31,3,38,102
2017-04-01,3,38,107
2017-04-02,3,38,148
2017-04-03,3,38,87
2017-04-04,3,38,86
2017-04-05,3,38,77
2017-04-06,3,38,114
2017-04-07,3,38,100
2017-04-08,3,38,141
2017-04-09,3,38,141
2017-04-10,3,38,80
2017-04-11,3,38,105
2017-04-12,3,38,116
2017-04-13,3,38,111
2017-04-14,3,38,124
2017-04-15,3,38,114
2017-04-16,3,38,118
2017-04-17,3,38,74
2017-04-18,3,38,85
2017-04-19,3,38,107
2017-04-20,3,38,122
2017-04-21,3,38,111
2017-04-22,3,38,118
2017-04-23,3,38,147
2017-04-24,3,38,87
2017-04-25,3,38,102
2017-04-26,3,38,88
2017-04-27,3,38,112
2017-04-28,3,38,119
2017-04-29,3,38,107
2017-04-30,3,38,116
2017-05-01,3,38,89
2017-05-02,3,38,108
2017-05-03,3,38,110
2017-05-04,3,38,129
2017-05-05,3,38,141
2017-05-06,3,38,126
2017-05-07,3,38,135
2017-05-08,3,38,102
2017-05-09,3,38,111
2017-05-10,3,38,115
2017-05-11,3,38,100
2017-05-12,3,38,121
2017-05-13,3,38,119
2017-05-14,3,38,141
2017-05-15,3,38,93
2017-05-16,3,38,113
2017-05-17,3,38,107
2017-05-18,3,38,116
2017-05-19,3,38,131
2017-05-20,3,38,146
2017-05-21,3,38,146
2017-05-22,3,38,102
2017-05-23,3,38,117
2017-05-24,3,38,127
2017-05-25,3,38,137
2017-05-26,3,38,133
2017-05-27,3,38,156
2017-05-28,3,38,125
2016-07-22,10,50,93
2016-07-23,10,50,98
2016-07-24,10,50,149
2016-07-25,10,50,72
2016-07-26,10,50,96
2016-07-27,10,50,104
2016-07-28,10,50,101
2016-07-29,10,50,105
2016-07-30,10,50,97
2016-07-31,10,50,133
2016-08-01,10,50,70
2016-08-02,10,50,66
2016-08-03,10,50,82
2016-08-04,10,50,108
2016-08-05,10,50,94
2016-08-06,10,50,97
2016-08-07,10,50,106
2016-08-08,10,50,90
2016-08-09,10,50,91
2016-08-10,10,50,86
2016-08-11,10,50,86
2016-08-12,10,50,114
2016-08-13,10,50,94
2016-08-14,10,50,113
2016-08-15,10,50,82
2016-08-16,10,50,96
2016-08-17,10,50,90
2016-08-18,10,50,102
2016-08-19,10,50,90
2016-08-20,10,50,96
2016-08-21,10,50,105
2016-08-22,10,50,72
2016-08-23,10,50,81
2016-08-24,10,50,90
2016-08-25,10,50,81
2016-08-26,10,50,87
2016-08-27,10,50,104
2016-08-28,10,50,116
2016-08-29,10,50,88
2016-08-30,10,50,84
2016-08-31,10,50,81
2016-09-01,10,50,89
2016-09-02,10,50,88
2016-09-03,10,50,101
2016-09-04,10,50,114
2016-09-05,10,50,58
2016-09-06,10,50,68
2016-09-07,10,50,81
2016-09-08,10,50,83
2016-09-09,10,50,107
2016-09-10,10,50,92
2016-09-11,10,50,113
2016-09-12,10,50,63
2016-09-13,10,50,81
2016-09-14,10,50,70
2016-09-15,10,50,78
2016-09-16,10,50,92
2016-09-17,10,50,89
2016-09-18,10,50,92
2016-09-19,10,50,73
2016-09-20,10,50,74
2016-09-21,10,50,79
2016-09-22,10,50,89
2016-09-23,10,50,82
2016-09-24,10,50,97
2016-09-25,10,50,114
2016-09-26,10,50,46
2016-09-27,10,50,97
2016-09-28,10,50,80
2016-09-29,10,50,99
2016-09-30,10,50,79
2016-10-01,10,50,97
2016-10-02,10,50,101
2016-10-03,10,50,79
2016-10-04,10,50,60
2016-10-05,10,50,68
2016-10-06,10,50,86
2016-10-07,10,50,89
2016-10-08,10,50,84
2016-10-09,10,50,84
2016-10-10,10,50,69
2016-10-11,10,50,73
2016-10-12,10,50,70
2016-10-13,10,50,67
2016-10-14,10,50,78
2016-10-15,10,50,73
2016-10-16,10,50,97
2016-10-17,10,50,69
2016-10-18,10,50,85
2016-10-19,10,50,80
2016-10-20,10,50,92
2016-10-21,10,50,82
2016-10-22,10,50,101
2016-10-23,10,50,81
2016-10-24,10,50,78
2016-10-25,10,50,92
2016-10-26,10,50,59
2016-10-27,10,50,74
2016-10-28,10,50,84
2016-10-29,10,50,96
2016-10-30,10,50,86
2016-10-31,10,50,61
2016-11-01,10,50,96
2016-11-02,10,50,95
2016-11-03,10,50,88
2016-11-04,10,50,86
2016-11-05,10,50,98
2016-11-06,10,50,92
2016-11-07,10,50,63
2016-11-08,10,50,84
2016-11-09,10,50,79
2016-11-10,10,50,78
2016-11-11,10,50,85
2016-11-12,10,50,87
2016-11-13,10,50,105
2016-11-14,10,50,59
2016-11-15,10,50,87
2016-11-16,10,50,83
2016-11-17,10,50,93
2016-11-18,10,50,73
2016-11-19,10,50,96
2016-11-20,10,50,115
2016-11-21,10,50,74
2016-11-22,10,50,79
2016-11-23,10,50,80
2016-11-24,10,50,94
2016-11-25,10,50,84
2016-11-26,10,50,90
2016-11-27,10,50,106
2016-11-28,10,50,74
2016-11-29,10,50,84
2016-11-30,10,50,74
2016-12-01,10,50,60
2016-12-02,10,50,88
2016-12-03,10,50,81
2016-12-04,10,50,70
2016-12-05,10,50,58
2016-12-06,10,50,55
2016-12-07,10,50,44
2016-12-08,10,50,51
2016-12-09,10,50,74
2016-12-10,10,50,75
2016-12-11,10,50,55
2016-12-12,10,50,51
2016-12-13,10,50,69
2016-12-14,10,50,53
2016-12-15,10,50,63
2016-12-16,10,50,69
2016-12-17,10,50,67
2016-12-18,10,50,65
2016-12-19,10,50,44
2016-12-20,10,50,58
2016-12-21,10,50,64
2016-12-22,10,50,56
2016-12-23,10,50,64
2016-12-24,10,50,65
2016-12-25,10,50,64
2016-12-26,10,50,61
2016-12-27,10,50,60
2016-12-28,10,50,43
2016-12-29,10,50,68
2016-12-30,10,50,63
2016-12-31,10,50,64
2017-01-01,10,50,69
2017-01-02,10,50,40
2017-01-03,10,50,63
2017-01-04,10,50,63
2017-01-05,10,50,67
2017-01-06,10,50,60
2017-01-07,10,50,61
2017-01-08,10,50,80
2017-01-09,10,50,46
2017-01-10,10,50,50
2017-01-11,10,50,51
2017-01-12,10,50,58
2017-01-13,10,50,64
2017-01-14,10,50,65
2017-01-15,10,50,64
2017-01-16,10,50,32
2017-01-17,10,50,38
2017-01-18,10,50,38
2017-01-19,10,50,47
2017-01-20,10,50,54
2017-01-21,10,50,62
2017-01-22,10,50,75
2017-01-23,10,50,55
2017-01-24,10,50,54
2017-01-25,10,50,52
2017-01-26,10,50,45
2017-01-27,10,50,61
2017-01-28,10,50,65
2017-01-29,10,50,66
2017-01-30,10,50,46
2017-01-31,10,50,53
2017-02-01,10,50,67
2017-02-02,10,50,67
2017-02-03,10,50,54
2017-02-04,10,50,72
2017-02-05,10,50,64
2017-02-06,10,50,51
2017-02-07,10,50,61
2017-02-08,10,50,48
2017-02-09,10,50,61
2017-02-10,10,50,68
2017-02-11,10,50,69
2017-02-12,10,50,62
2017-02-13,10,50,48
2017-02-14,10,50,57
2017-02-15,10,50,63
2017-02-16,10,50,70
2017-02-17,10,50,73
2017-02-18,10,50,75
2017-02-19,10,50,79
2017-02-20,10,50,52
2017-02-21,10,50,51
2017-02-22,10,50,55
2017-02-23,10,50,57
2017-02-24,10,50,61
2017-02-25,10,50,63
2017-02-26,10,50,72
2017-02-27,10,50,51
2017-02-28,10,50,62
2017-03-01,10,50,76
2017-03-02,10,50,78
2017-03-03,10,50,81
2017-03-04,10,50,80
2017-03-05,10,50,90
2017-03-06,10,50,60
2017-03-07,10,50,59
2017-03-08,10,50,76
2017-03-09,10,50,81
2017-03-10,10,50,91
2017-03-11,10,50,93
2017-03-12,10,50,80
2017-03-13,10,50,63
2017-03-14,10,50,62
2017-03-15,10,50,51
2017-03-16,10,50,83
2017-03-17,10,50,92
2017-03-18,10,50,77
2017-03-19,10,50,85
2017-03-20,10,50,70
2017-03-21,10,50,60
2017-03-22,10,50,57
2017-03-23,10,50,67
2017-03-24,10,50,73
2017-03-25,10,50,79
2017-03-26,10,50,81
2017-03-27,10,50,66
2017-03-28,10,50,60
2017-03-29,10,50,73
2017-03-30,10,50,68
2017-03-31,10,50,69
2017-04-01,10,50,101
2017-04-02,10,50,110
2017-04-03,10,50,64
2017-04-04,10,50,106
2017-04-05,10,50,69
2017-04-06,10,50,78
2017-04-07,10,50,90
2017-04-08,10,50,90
2017-04-09,10,50,114
2017-04-10,10,50,54
2017-04-11,10,50,72
2017-04-12,10,50,79
2017-04-13,10,50,79
2017-04-14,10,50,103
2017-04-15,10,50,97
2017-04-16,10,50,115
2017-04-17,10,50,70
2017-04-18,10,50,86
2017-04-19,10,50,87
2017-04-20,10,50,107
2017-04-21,10,50,92
2017-04-22,10,50,123
2017-04-23,10,50,90
2017-04-24,10,50,67
2017-04-25,10,50,97
2017-04-26,10,50,78
2017-04-27,10,50,90
2017-04-28,10,50,103
2017-04-29,10,50,97
2017-04-30,10,50,113
2017-05-01,10,50,73
2017-05-02,10,50,88
2017-05-03,10,50,86
2017-05-04,10,50,99
2017-05-05,10,50,107
2017-05-06,10,50,100
2017-05-07,10,50,110
2017-05-08,10,50,72
2017-05-09,10,50,97
2017-05-10,10,50,85
2017-05-11,10,50,92
2017-05-12,10,50,105
2017-05-13,10,50,96
2017-05-14,10,50,113
2017-05-15,10,50,74
2017-05-16,10,50,78
2017-05-17,10,50,90
2017-05-18,10,50,92
2017-05-19,10,50,100
2017-05-20,10,50,133
2017-05-21,10,50,100
2017-05-22,10,50,75
2017-05-23,10,50,81
2017-05-24,10,50,97
2017-05-25,10,50,88
2017-05-26,10,50,96
2017-05-27,10,50,101
2017-05-28,10,50,110
2017-05-29,10,50,69
2017-05-30,10,50,91
2017-05-31,10,50,102
2017-06-01,10,50,117
2017-06-02,10,50,95
2017-06-03,10,50,102
2017-06-04,10,50,125
2017-06-05,10,50,80
2017-06-06,10,50,80
2017-06-07,10,50,87
2017-06-08,10,50,87
2017-06-09,10,50,101
2017-06-10,10,50,116
2017-06-11,10,50,137
2017-06-12,10,50,82
2017-06-13,10,50,103
2017-06-14,10,50,83
2017-06-15,10,50,105
2017-06-16,10,50,121
2017-06-17,10,50,121
2017-06-18,10,50,150
2017-06-19,10,50,76
2017-06-20,10,50,82
2017-06-21,10,50,84
2017-06-22,10,50,92
2017-06-23,10,50,97
2017-06-24,10,50,129
2017-06-25,10,50,107
2017-06-26,10,50,82
2017-06-27,10,50,83
2017-06-28,10,50,91
2017-06-29,10,50,122
2017-06-30,10,50,112
2017-07-01,10,50,119
2017-07-02,10,50,120
2017-07-03,10,50,99
2017-07-04,10,50,98
2017-07-05,10,50,103
2017-07-06,10,50,93
2017-07-07,10,50,108
2017-07-08,10,50,120
2017-07-09,10,50,135
2017-07-10,10,50,95
2017-07-11,10,50,95
2017-07-12,10,50,108
2017-07-13,10,50,105
2017-07-14,10,50,101
2017-07-15,10,50,109
2017-07-16,10,50,143
2017-07-17,10,50,72
2017-07-18,10,50,106
2017-07-19,10,50,110
2017-07-20,10,50,93
2017-07-21,10,50,129
2017-07-22,10,50,116
2017-07-23,10,50,140
2017-07-24,10,50,80
2017-07-25,10,50,85
2017-07-26,10,50,85
2017-07-27,10,50,103
2017-07-28,10,50,115
2017-07-29,10,50,125
2017-07-30,10,50,110
2017-07-31,10,50,91
2017-08-01,10,50,80
2017-08-02,10,50,89
2017-08-03,10,50,89
2017-08-04,10,50,99
2017-08-05,10,50,110
2017-08-06,10,50,101
2017-08-07,10,50,70
2017-08-08,10,50,74
2017-08-09,10,50,80
2017-08-10,10,50,124
2017-08-11,10,50,106
2017-08-12,10,50,100
2017-08-13,10,50,123
2017-08-14,10,50,59
2017-08-15,10,50,90
2017-08-16,10,50,86
2017-08-17,10,50,92
2017-08-18,10,50,98
2017-08-19,10,50,103
2017-08-20,10,50,98
2017-08-21,10,50,73
2017-08-22,10,50,79
2017-08-23,10,50,104
2017-08-24,10,50,89
2017-08-25,10,50,98
2017-08-26,10,50,92
2017-08-27,10,50,116
2017-08-28,10,50,98
2017-08-29,10,50,79
2017-08-30,10,50,79
2017-08-31,10,50,89
2017-09-01,10,50,96
2017-09-02,10,50,92
2017-09-03,10,50,102
2017-09-04,10,50,60
2017-09-05,10,50,81
2017-09-06,10,50,79
2017-09-07,10,50,78
2017-09-08,10,50,97
2017-09-09,10,50,93
2017-09-10,10,50,96
2017-09-11,10,50,74
2017-09-12,10,50,70
2017-09-13,10,50,84
2017-09-14,10,50,90
2017-09-15,10,50,94
2017-09-16,10,50,97
2017-09-17,10,50,107
2017-09-18,10,50,61
2017-09-19,10,50,84
2017-09-20,10,50,72
2017-09-21,10,50,89
2017-09-22,10,50,97
2017-09-23,10,50,97
2017-09-24,10,50,99
2017-09-25,10,50,63
2017-09-26,10,50,79
2017-09-27,10,50,80
2017-09-28,10,50,82
2017-09-29,10,50,90
2017-09-30,10,50,103
2017-10-01,10,50,99
2017-10-02,10,50,71
2017-10-03,10,50,77
2017-10-04,10,50,87
2017-10-05,10,50,78
2017-10-06,10,50,85
2017-10-07,10,50,113
2017-10-08,10,50,91
2017-10-09,10,50,69
2017-10-10,10,50,69
2017-10-11,10,50,69
2017-10-12,10,50,84
2017-10-13,10,50,81
2017-10-14,10,50,97
2017-10-15,10,50,107
2017-10-16,10,50,77
2017-10-17,10,50,68
2017-10-18,10,50,73
2017-10-19,10,50,72
2017-10-20,10,50,78
2017-10-21,10,50,78
2017-10-22,10,50,96
2017-10-23,10,50,63
2017-10-24,10,50,68
2017-10-25,10,50,67
2017-10-26,10,50,67
2017-10-27,10,50,84
2017-10-28,10,50,101
2017-10-29,10,50,89
2017-10-30,10,50,69
2017-10-31,10,50,80
2017-11-01,10,50,81
2017-11-02,10,50,79
2017-11-03,10,50,76
2017-11-04,10,50,111
2017-11-05,10,50,108
2017-11-06,10,50,66
2017-11-07,10,50,86
2017-11-08,10,50,79
2017-11-09,10,50,89
2017-11-10,10,50,85
2017-11-11,10,50,108
2017-11-12,10,50,123
2017-11-13,10,50,82
2017-11-14,10,50,72
2017-11-15,10,50,88
2017-11-16,10,50,84
2017-11-17,10,50,95
2017-11-18,10,50,99
2017-11-19,10,50,88
2017-11-20,10,50,62
2017-11-21,10,50,81
2017-11-22,10,50,81
2017-11-23,10,50,87
2017-11-24,10,50,81
2017-11-25,10,50,78
2017-11-26,10,50,113
2017-11-27,10,50,75
2017-11-28,10,50,68
2017-11-29,10,50,76
2017-11-30,10,50,73
2017-12-01,10,50,66
2017-12-02,10,50,49
2017-12-03,10,50,75
2017-12-04,10,50,54
2017-12-05,10,50,68
2017-12-06,10,50,60
2017-12-07,10,50,66
2017-12-08,10,50,67
2017-12-09,10,50,69
2017-12-10,10,50,69
2017-12-11,10,50,54
2017-12-12,10,50,67
2017-12-13,10,50,67
2017-12-14,10,50,72
2017-12-15,10,50,72
2017-12-16,10,50,52
2017-12-17,10,50,86
2017-12-18,10,50,53
2017-12-19,10,50,54
2017-12-20,10,50,51
2017-12-21,10,50,63
2017-12-22,10,50,75
2017-12-23,10,50,70
2017-12-24,10,50,76
2017-12-25,10,50,51
2017-12-26,10,50,41
2017-12-27,10,50,63
2017-12-28,10,50,59
2017-12-29,10,50,74
2017-12-30,10,50,62
2017-12-31,10,50,82
